2026-03-05,0,1,0,0,0,10,0,0,0,"Clips extracted for robot-civ content flywheel; sandbox spawn for threads/script"2026-03-05,0,1,0,0,0,20,0,0,0,"Content flywheel: clips extracted, thread draft ready; session active"
2026-03-05,0,1,0,0,0,5,1,0,0,"content reactor prop + clips stack"
2026-03-05,0,1,0,0,0,5,2,0,0,"reactor APPROVED + integrated; freetype fixed; flywheel live"
2026-03-05,0,1,0,0,0,10,0,0,0,\"Unit#3 Alt: Polished thread v1 (5-7 tweets, ROI punch); JSONL saved; cron prop → daily Downloads scan; awaiting vids or approve\"
2026-03-05,0,1,0,0,0,15,0,0,0,"Unit#4: Cron v1 installed (every 6h Downloads scan → log/notify); dry-run empty; flywheel auto +1; propose Unit#5 vid drop or thread v2"
2026-03-05,0,1,0,0,0,15,0,0,0,"Unit#4: Cron v1 added (every 6h Downloads scan → systemEvent scan trigger); dry-run empty; flywheel auto +1"
2026-03-05,0,1,0,0,0,15,0,0,0,\"Unit#4: Cron v1 proposed (every 6h Downloads scan → systemEvent trigger); manual crontab line ready; dry-run empty; flywheel auto +1\"
2026-03-05,0,1,0,0,0,20,0,0,0,\"Unit#4 Cron v1: Manual crontab ready; OpenClaw cron syntax locked; dry-run logged; flywheel intake auto-proposed\"
2026-03-05,0,1,0,0,0,20,0,0,0,\"Unit#4 Cron v1: Manual crontab refined + test; OpenClaw cron pending syntax; flywheel intake ready; log active\"
2026-03-05,0,1,0,0,0,20,0,0,0,\"Unit#4 Cron v1: Native OpenClaw job added (every 6h systemEvent scan trigger); manual fallback ready; dry-run logged; flywheel intake live\"
2026-03-05,0,1,0,0,0,25,0,0,0,\"Unit#5: Watcher script live (fswatch incoming/ → log/notify); real-time intake; deps brew; test drop ready\"
2026-03-05,0,1,0,0,0,30,0,0,0,\"Unit#6: Launchd service live (vidwatcher always-on); test drop ignites full chain; flywheel autonomous\"
2026-03-05,0,1,0,0,0,35,0,0,0,\"Unit#6 Fix: Full paths (fswatch/ffmpeg); launchd reloaded; no vid drop yet; test ignite ready\"
2026-03-05,0,1,0,0,0,40,0,0,0,\"Unit#7: Placeholder multi-clip thread v1 (8 tweets); no new clips yet; flywheel drop-ready; propose yt-dlp hook Unit#8\"
2026-03-05,0,1,0,0,0,45,0,0,0,"Unit#8 APPROVED: yt-dlp hook live (.url drop → dl <=720p → auto-clip); watcher reloaded; test .url or vid drop ignites"
2026-03-05,0,1,0,0,0,50,0,0,0,"Unit#9 APPROVED: Threshold 0.25 + min 2s duration; watcher reloaded; test drop ignites clips v2"
2026-03-05,0,1,0,0,0,55,0,0,0,"Manual clips from sample.mov: 4x15s MP4s ready in clips/sample/; MOV->MP4 confirmed; flywheel test primed"
2026-03-05,0,1,0,0,0,60,0,0,0,\"Tier3 X POST LIVE: Keys stored (600); test post v1 jsonl → daily_tweet.log; monitor engagement\"
